roi_id,roi_name,mni_x,mni_y,mni_z,hemi,network
1,7Networks_LH_Vis_1,62.011976,42.949102,24.997006,LH,Vis
2,7Networks_LH_Vis_2,63.161538,35.2,26.784615,LH,Vis
3,7Networks_LH_Vis_3,58.020202,40.515152,29.070707,LH,Vis
4,7Networks_LH_Vis_4,59.29562,45.051095,28.547445,LH,Vis
5,7Networks_LH_Vis_5,59.150602,31.903614,29.385542,LH,Vis
6,7Networks_LH_Vis_6,62.865285,27.694301,27.92228,LH,Vis
7,7Networks_LH_Vis_7,67.438202,28.095506,29.11236,LH,Vis
8,7Networks_LH_Vis_8,57.192157,33.909804,31.54902,LH,Vis
9,7Networks_LH_Vis_9,56.202532,25.603376,31.329114,LH,Vis
10,7Networks_LH_Vis_10,65.469388,23.530612,29.068027,LH,Vis
11,7Networks_LH_Vis_11,54.368852,44.983607,29.721311,LH,Vis
12,7Networks_LH_Vis_12,57.201166,20.084548,28.259475,LH,Vis
13,7Networks_LH_Vis_13,55.673077,38.275641,32.794872,LH,Vis
14,7Networks_LH_Vis_14,64.568,19.624,28.032,LH,Vis
15,7Networks_LH_Vis_15,51.721805,21.105263,28.894737,LH,Vis
16,7Networks_LH_Vis_16,68.071429,27.080357,33.254464,LH,Vis
17,7Networks_LH_Vis_17,49.736111,25.231481,31.847222,LH,Vis
18,7Networks_LH_Vis_18,50.746411,31.090909,33.92823,LH,Vis
19,7Networks_LH_Vis_19,51.153846,37.230769,33.092308,LH,Vis
20,7Networks_LH_Vis_20,49.666667,14.891473,28.147287,LH,Vis
21,7Networks_LH_Vis_21,51.76087,42.98913,32.434783,LH,Vis
22,7Networks_LH_Vis_22,56.722838,14.268293,30.124169,LH,Vis
23,7Networks_LH_Vis_23,67.177419,20.747312,34.188172,LH,Vis
24,7Networks_LH_Vis_24,46.899522,19.229665,31.105263,LH,Vis
25,7Networks_LH_Vis_25,47.067416,26.168539,35.94382,LH,Vis
26,7Networks_LH_Vis_26,48.444444,32.277778,37.388889,LH,Vis
27,7Networks_LH_Vis_27,61.075581,16.424419,34.581395,LH,Vis
28,7Networks_LH_Vis_28,53.03,37.61,35.56,LH,Vis
29,7Networks_LH_Vis_29,67.939058,25.725762,39.163435,LH,Vis
30,7Networks_LH_Vis_30,48.521327,14.753555,33.966825,LH,Vis
31,7Networks_LH_Vis_31,50.518519,41.555556,36.444444,LH,Vis
32,7Networks_LH_Vis_32,48.409091,27.931818,39.215909,LH,Vis
33,7Networks_LH_Vis_33,64.75,18.955882,38.352941,LH,Vis
34,7Networks_LH_Vis_34,53.30137,33.219178,37.178082,LH,Vis
35,7Networks_LH_Vis_35,48.577586,22.344828,37.974138,LH,Vis
36,7Networks_LH_Vis_36,49.295082,11.221311,36.155738,LH,Vis
37,7Networks_LH_Vis_37,54.916201,12.480447,37.659218,LH,Vis
38,7Networks_LH_Vis_38,54.56,35.88,38.72,LH,Vis
39,7Networks_LH_Vis_39,47.762791,18.367442,38.069767,LH,Vis
40,7Networks_LH_Vis_40,50.685714,39.371429,37.885714,LH,Vis
41,7Networks_LH_Vis_41,53.840909,28.19697,39.0,LH,Vis
42,7Networks_LH_Vis_42,55.846154,32.661538,38.907692,LH,Vis
43,7Networks_LH_Vis_43,58.48285,16.783641,40.237467,LH,Vis
44,7Networks_LH_Vis_44,48.945,26.22,41.74,LH,Vis
45,7Networks_LH_Vis_45,53.666667,32.733333,40.666667,LH,Vis
46,7Networks_LH_Vis_46,69.234375,27.3125,44.835938,LH,Vis
47,7Networks_LH_Vis_47,46.15942,14.985507,42.0,LH,Vis
48,7Networks_LH_Vis_48,51.396491,13.421053,43.25614,LH,Vis
49,7Networks_LH_Vis_49,64.975717,21.474614,43.88521,LH,Vis
50,7Networks_LH_Vis_50,45.59596,23.080808,42.494949,LH,Vis
51,7Networks_LH_Vis_51,52.702703,30.77027,42.364865,LH,Vis
52,7Networks_LH_Vis_52,56.462963,17.123457,45.91358,LH,Vis
53,7Networks_LH_Vis_53,48.362069,29.103448,44.017241,LH,Vis
54,7Networks_LH_Vis_54,46.02439,21.17561,46.629268,LH,Vis
55,7Networks_LH_Vis_55,48.676923,16.646154,48.666667,LH,Vis
56,7Networks_LH_Vis_56,53.141732,31.519685,46.472441,LH,Vis
57,7Networks_LH_Vis_57,52.465909,27.75,45.886364,LH,Vis
58,7Networks_LH_Vis_58,53.690821,17.855072,48.753623,LH,Vis
59,7Networks_LH_Vis_59,58.304054,22.290541,45.932432,LH,Vis
60,7Networks_LH_Vis_60,48.666667,24.825641,49.133333,LH,Vis
61,7Networks_LH_Vis_61,60.89404,20.688742,48.89404,LH,Vis
62,7Networks_LH_Vis_62,47.395604,19.714286,52.747253,LH,Vis
63,7Networks_LH_Vis_63,53.027473,18.840659,54.252747,LH,Vis
64,7Networks_LH_Vis_64,56.765957,22.031915,51.553191,LH,Vis
65,7Networks_LH_Vis_65,51.103604,22.405405,54.328829,LH,Vis
66,7Networks_LH_Vis_66,56.3,22.611111,57.044444,LH,Vis
67,7Networks_LH_Vis_67,53.377358,22.150943,59.716981,LH,Vis
68,7Networks_LH_SomMot_1,71.468672,62.796992,34.293233,LH,SomMot
69,7Networks_LH_SomMot_2,72.809028,54.538194,39.069444,LH,SomMot
70,7Networks_LH_SomMot_3,66.529801,53.450331,37.629139,LH,SomMot
71,7Networks_LH_SomMot_4,75.315508,50.219251,40.887701,LH,SomMot
72,7Networks_LH_SomMot_5,63.02381,57.166667,42.095238,LH,SomMot
73,7Networks_LH_SomMot_6,62.963504,51.124088,41.350365,LH,SomMot
74,7Networks_LH_SomMot_7,76.179012,43.506173,40.567901,LH,SomMot
75,7Networks_LH_SomMot_8,66.390805,48.310345,40.206897,LH,SomMot
76,7Networks_LH_SomMot_9,63.038462,55.846154,44.865385,LH,SomMot
77,7Networks_LH_SomMot_10,69.322581,46.467742,41.435484,LH,SomMot
78,7Networks_LH_SomMot_11,66.305263,56.115789,44.305263,LH,SomMot
79,7Networks_LH_SomMot_12,62.705521,49.331288,45.312883,LH,SomMot
80,7Networks_LH_SomMot_13,74.489083,44.628821,43.855895,LH,SomMot
81,7Networks_LH_SomMot_14,70.625899,56.834532,42.460432,LH,SomMot
82,7Networks_LH_SomMot_15,65.338235,44.919118,44.580882,LH,SomMot
83,7Networks_LH_SomMot_16,74.586735,61.459184,41.27551,LH,SomMot
84,7Networks_LH_SomMot_17,67.744681,51.691489,45.414894,LH,SomMot
85,7Networks_LH_SomMot_18,74.732057,54.38756,45.334928,LH,SomMot
86,7Networks_LH_SomMot_19,70.81457,49.596026,44.529801,LH,SomMot
87,7Networks_LH_SomMot_20,75.0,61.88172,45.365591,LH,SomMot
88,7Networks_LH_SomMot_21,77.22,58.41,46.31,LH,SomMot
89,7Networks_LH_SomMot_22,73.085106,59.106383,48.202128,LH,SomMot
90,7Networks_LH_SomMot_23,73.898876,63.241573,50.859551,LH,SomMot
91,7Networks_LH_SomMot_24,75.92381,58.133333,52.952381,LH,SomMot
92,7Networks_LH_SomMot_25,69.968254,58.634921,51.285714,LH,SomMot
93,7Networks_LH_SomMot_26,72.6,61.721739,56.452174,LH,SomMot
94,7Networks_LH_SomMot_27,72.5,53.390805,56.431034,LH,SomMot
95,7Networks_LH_SomMot_28,70.740541,55.918919,55.367568,LH,SomMot
96,7Networks_LH_SomMot_29,68.053846,57.169231,55.676923,LH,SomMot
97,7Networks_LH_SomMot_30,48.964912,58.973684,56.473684,LH,SomMot
98,7Networks_LH_SomMot_31,73.0,54.811321,61.396226,LH,SomMot
99,7Networks_LH_SomMot_32,70.730496,62.35461,60.560284,LH,SomMot
100,7Networks_LH_SomMot_33,68.513158,49.447368,58.763158,LH,SomMot
101,7Networks_LH_SomMot_34,65.0,53.596774,56.5,LH,SomMot
102,7Networks_LH_SomMot_35,49.207207,58.126126,59.540541,LH,SomMot
103,7Networks_LH_SomMot_36,70.615894,50.423841,63.271523,LH,SomMot
104,7Networks_LH_SomMot_37,66.730769,57.115385,61.223077,LH,SomMot
105,7Networks_LH_SomMot_38,62.424242,53.363636,59.212121,LH,SomMot
106,7Networks_LH_SomMot_39,47.73822,54.91623,60.926702,LH,SomMot
107,7Networks_LH_SomMot_40,67.067376,52.741135,63.219858,LH,SomMot
108,7Networks_LH_SomMot_41,47.655738,49.590164,61.934426,LH,SomMot
109,7Networks_LH_SomMot_42,66.91018,46.209581,67.269461,LH,SomMot
110,7Networks_LH_SomMot_43,64.591667,55.429167,66.220833,LH,SomMot
111,7Networks_LH_SomMot_44,48.796296,43.740741,63.333333,LH,SomMot
112,7Networks_LH_SomMot_45,60.872038,40.123223,66.791469,LH,SomMot
113,7Networks_LH_SomMot_46,47.210526,58.865497,66.251462,LH,SomMot
114,7Networks_LH_SomMot_47,62.22807,49.22807,62.929825,LH,SomMot
115,7Networks_LH_SomMot_48,61.378788,43.863636,66.712121,LH,SomMot
116,7Networks_LH_SomMot_49,59.651376,57.266055,69.06422,LH,SomMot
117,7Networks_LH_SomMot_50,46.990991,52.918919,66.414414,LH,SomMot
118,7Networks_LH_SomMot_51,61.607843,48.490196,68.496732,LH,SomMot
119,7Networks_LH_SomMot_52,60.068807,51.963303,68.958716,LH,SomMot
120,7Networks_LH_SomMot_53,57.688312,48.623377,63.896104,LH,SomMot
121,7Networks_LH_SomMot_54,46.382022,47.775281,66.831461,LH,SomMot
122,7Networks_LH_SomMot_55,58.162393,43.247863,68.965812,LH,SomMot
123,7Networks_LH_SomMot_56,48.819549,41.75188,68.022556,LH,SomMot
124,7Networks_LH_SomMot_57,49.849057,39.301887,69.716981,LH,SomMot
125,7Networks_LH_SomMot_58,59.267857,47.982143,72.160714,LH,SomMot
126,7Networks_LH_SomMot_59,56.403226,39.548387,67.693548,LH,SomMot
127,7Networks_LH_SomMot_60,55.6,57.226087,71.626087,LH,SomMot
128,7Networks_LH_SomMot_61,52.011236,59.460674,68.651685,LH,SomMot
129,7Networks_LH_SomMot_62,47.354839,56.225806,71.354839,LH,SomMot
130,7Networks_LH_SomMot_63,54.557377,51.114754,70.0,LH,SomMot
131,7Networks_LH_SomMot_64,54.666667,47.557471,69.591954,LH,SomMot
132,7Networks_LH_SomMot_65,55.747967,44.626016,72.203252,LH,SomMot
133,7Networks_LH_SomMot_66,54.348837,41.046512,70.430233,LH,SomMot
134,7Networks_LH_SomMot_67,51.216667,58.65,72.166667,LH,SomMot
135,7Networks_LH_SomMot_68,53.074074,55.691358,73.358025,LH,SomMot
136,7Networks_LH_SomMot_69,49.2,42.409524,73.32381,LH,SomMot
137,7Networks_LH_SomMot_70,47.375,51.525,72.675,LH,SomMot
138,7Networks_LH_SomMot_71,46.466667,45.777778,71.066667,LH,SomMot
139,7Networks_LH_SomMot_72,49.75,54.909091,73.954545,LH,SomMot
140,7Networks_LH_SomMot_73,52.957746,43.760563,74.591549,LH,SomMot
141,7Networks_LH_SomMot_74,50.956897,49.646552,72.560345,LH,SomMot
142,7Networks_LH_SomMot_75,50.232558,46.186047,72.453488,LH,SomMot
143,7Networks_LH_DorsAttn_Post_1,69.041457,37.600503,26.758794,LH,DorsAttn
144,7Networks_LH_DorsAttn_Post_2,68.148936,32.265957,32.308511,LH,DorsAttn
145,7Networks_LH_DorsAttn_Post_3,73.779762,33.598214,32.770833,LH,DorsAttn
146,7Networks_LH_DorsAttn_Post_4,69.670886,30.487342,36.677215,LH,DorsAttn
147,7Networks_LH_DorsAttn_Post_5,73.586735,32.071429,38.811224,LH,DorsAttn
148,7Networks_LH_DorsAttn_Post_6,68.974026,31.800866,41.822511,LH,DorsAttn
149,7Networks_LH_DorsAttn_Post_7,67.070866,25.913386,48.370079,LH,DorsAttn
150,7Networks_LH_DorsAttn_Post_8,64.138889,21.920139,52.225694,LH,DorsAttn
151,7Networks_LH_DorsAttn_Post_9,59.732394,26.478873,49.690141,LH,DorsAttn
152,7Networks_LH_DorsAttn_Post_10,59.506757,23.891892,55.391892,LH,DorsAttn
153,7Networks_LH_DorsAttn_Post_11,56.842697,27.921348,52.393258,LH,DorsAttn
154,7Networks_LH_DorsAttn_Post_12,58.677852,29.241611,55.489933,LH,DorsAttn
155,7Networks_LH_DorsAttn_Post_13,72.541935,45.812903,59.503226,LH,DorsAttn
156,7Networks_LH_DorsAttn_Post_14,72.424051,49.329114,57.196203,LH,DorsAttn
157,7Networks_LH_DorsAttn_Post_15,68.96875,47.364583,57.072917,LH,DorsAttn
158,7Networks_LH_DorsAttn_Post_16,56.19697,30.80303,59.484848,LH,DorsAttn
159,7Networks_LH_DorsAttn_Post_17,54.773438,26.984375,59.398438,LH,DorsAttn
160,7Networks_LH_DorsAttn_Post_18,65.258993,45.985612,57.280576,LH,DorsAttn
161,7Networks_LH_DorsAttn_Post_19,61.707547,41.669811,56.632075,LH,DorsAttn
162,7Networks_LH_DorsAttn_Post_20,51.76506,25.216867,62.289157,LH,DorsAttn
163,7Networks_LH_DorsAttn_Post_21,60.877551,38.204082,59.965986,LH,DorsAttn
164,7Networks_LH_DorsAttn_Post_22,59.175439,34.5,62.403509,LH,DorsAttn
165,7Networks_LH_DorsAttn_Post_23,65.5,45.435484,61.572581,LH,DorsAttn
166,7Networks_LH_DorsAttn_Post_24,59.36,31.3,64.5,LH,DorsAttn
167,7Networks_LH_DorsAttn_Post_25,47.449275,27.963768,63.166667,LH,DorsAttn
168,7Networks_LH_DorsAttn_Post_26,63.711864,42.423729,63.550847,LH,DorsAttn
169,7Networks_LH_DorsAttn_Post_27,55.026738,28.208556,64.871658,LH,DorsAttn
170,7Networks_LH_DorsAttn_Post_28,63.818966,36.465517,65.508621,LH,DorsAttn
171,7Networks_LH_DorsAttn_Post_29,47.44898,32.632653,63.132653,LH,DorsAttn
172,7Networks_LH_DorsAttn_Post_30,59.613861,32.683168,67.366337,LH,DorsAttn
173,7Networks_LH_DorsAttn_Post_31,51.142857,28.557143,67.385714,LH,DorsAttn
174,7Networks_LH_DorsAttn_Post_32,50.1,31.672727,65.745455,LH,DorsAttn
175,7Networks_LH_DorsAttn_Post_33,55.526882,32.473118,67.408602,LH,DorsAttn
176,7Networks_LH_DorsAttn_Post_34,60.769231,37.051282,69.897436,LH,DorsAttn
177,7Networks_LH_DorsAttn_Post_35,47.916129,35.212903,68.806452,LH,DorsAttn
178,7Networks_LH_DorsAttn_Post_36,52.484127,33.246032,68.84127,LH,DorsAttn
179,7Networks_LH_DorsAttn_Post_37,56.012903,36.432258,70.283871,LH,DorsAttn
180,7Networks_LH_DorsAttn_Post_38,51.934959,37.569106,71.910569,LH,DorsAttn
181,7Networks_LH_DorsAttn_FEF_1,66.289941,61.384615,61.349112,LH,DorsAttn
182,7Networks_LH_DorsAttn_FEF_2,62.698795,62.885542,62.46988,LH,DorsAttn
183,7Networks_LH_DorsAttn_FEF_3,56.515789,66.705263,62.105263,LH,DorsAttn
184,7Networks_LH_DorsAttn_FEF_4,61.177778,59.055556,63.016667,LH,DorsAttn
185,7Networks_LH_DorsAttn_FEF_5,57.165775,60.700535,62.700535,LH,DorsAttn
186,7Networks_LH_DorsAttn_FEF_6,56.22,64.873333,67.803333,LH,DorsAttn
187,7Networks_LH_DorsAttn_FEF_7,55.760274,57.479452,66.027397,LH,DorsAttn
188,7Networks_LH_DorsAttn_PrCv_1,70.319277,65.861446,50.108434,LH,DorsAttn
189,7Networks_LH_DorsAttn_PrCv_2,68.674107,64.241071,54.84375,LH,DorsAttn
190,7Networks_LH_SalVentAttn_ParOper_1,68.809917,43.669421,48.165289,LH,SalVentAttn
191,7Networks_LH_SalVentAttn_ParOper_2,74.333333,40.467836,47.467836,LH,SalVentAttn
192,7Networks_LH_SalVentAttn_ParOper_3,71.895238,46.904762,47.447619,LH,SalVentAttn
193,7Networks_LH_SalVentAttn_ParOper_4,76.349282,49.105263,47.736842,LH,SalVentAttn
194,7Networks_LH_SalVentAttn_ParOper_5,74.616034,42.561181,51.122363,LH,SalVentAttn
195,7Networks_LH_SalVentAttn_ParOper_6,74.2,53.948387,50.974194,LH,SalVentAttn
196,7Networks_LH_SalVentAttn_ParOper_7,76.28692,50.527426,53.953586,LH,SalVentAttn
197,7Networks_LH_SalVentAttn_ParOper_8,75.629412,45.717647,54.211765,LH,SalVentAttn
198,7Networks_LH_SalVentAttn_TempOcc_1,72.408537,35.426829,42.542683,LH,SalVentAttn
199,7Networks_LH_SalVentAttn_FrOperIns_1,64.378007,63.85567,31.907216,LH,SalVentAttn
200,7Networks_LH_SalVentAttn_FrOperIns_2,62.474359,77.833333,35.576923,LH,SalVentAttn
201,7Networks_LH_SalVentAttn_FrOperIns_3,64.519481,62.733766,37.181818,LH,SalVentAttn
202,7Networks_LH_SalVentAttn_FrOperIns_4,65.163265,56.193878,35.329932,LH,SalVentAttn
203,7Networks_LH_SalVentAttn_FrOperIns_5,61.577947,72.608365,40.041825,LH,SalVentAttn
204,7Networks_LH_SalVentAttn_FrOperIns_6,62.854962,62.847328,41.473282,LH,SalVentAttn
205,7Networks_LH_SalVentAttn_FrOperIns_7,64.490196,67.254902,40.372549,LH,SalVentAttn
206,7Networks_LH_SalVentAttn_FrOperIns_8,67.172414,68.103448,36.793103,LH,SalVentAttn
207,7Networks_LH_SalVentAttn_FrOperIns_9,65.987805,61.768293,42.792683,LH,SalVentAttn
208,7Networks_LH_SalVentAttn_FrOperIns_10,70.459016,63.540984,38.094262,LH,SalVentAttn
209,7Networks_LH_SalVentAttn_FrOperIns_11,72.535354,67.474747,40.060606,LH,SalVentAttn
210,7Networks_LH_SalVentAttn_FrOperIns_12,74.07767,65.805825,44.553398,LH,SalVentAttn
211,7Networks_LH_SalVentAttn_PFCl_1,59.943609,85.859023,49.650376,LH,SalVentAttn
212,7Networks_LH_SalVentAttn_PFCl_2,57.993289,81.395973,54.496644,LH,SalVentAttn
213,7Networks_LH_SalVentAttn_Med_1,48.2103,76.356223,50.76824,LH,SalVentAttn
214,7Networks_LH_SalVentAttn_Med_2,47.762821,71.237179,51.711538,LH,SalVentAttn
215,7Networks_LH_SalVentAttn_Med_3,46.145455,63.763636,53.672727,LH,SalVentAttn
216,7Networks_LH_SalVentAttn_Med_4,48.687179,65.179487,56.061538,LH,SalVentAttn
217,7Networks_LH_SalVentAttn_Med_5,50.412844,47.587156,55.816514,LH,SalVentAttn
218,7Networks_LH_SalVentAttn_Med_6,47.720183,70.16055,57.454128,LH,SalVentAttn
219,7Networks_LH_SalVentAttn_Med_7,50.140351,53.114035,55.903509,LH,SalVentAttn
220,7Networks_LH_SalVentAttn_Med_8,51.974684,42.810127,58.556962,LH,SalVentAttn
221,7Networks_LH_SalVentAttn_Med_9,51.109756,48.719512,58.134146,LH,SalVentAttn
222,7Networks_LH_SalVentAttn_Med_10,47.587629,63.659794,62.0,LH,SalVentAttn
223,7Networks_LH_SalVentAttn_Med_11,50.426667,40.36,62.253333,LH,SalVentAttn
224,7Networks_LH_SalVentAttn_Med_12,50.985075,44.716418,61.119403,LH,SalVentAttn
225,7Networks_LH_SalVentAttn_Med_13,47.333333,38.047619,64.410714,LH,SalVentAttn
226,7Networks_LH_SalVentAttn_Med_14,46.773256,66.005814,67.575581,LH,SalVentAttn
227,7Networks_LH_SalVentAttn_Med_15,50.958333,39.416667,65.666667,LH,SalVentAttn
228,7Networks_LH_SalVentAttn_Med_16,53.721311,64.565574,71.02459,LH,SalVentAttn
229,7Networks_LH_SalVentAttn_Med_17,48.954802,61.740113,71.39548,LH,SalVentAttn
230,7Networks_LH_Limbic_OFC_1,54.919192,69.363636,25.0,LH,Limbic
231,7Networks_LH_Limbic_OFC_2,51.477273,74.583333,25.761364,LH,Limbic
232,7Networks_LH_Limbic_OFC_3,58.752212,70.761062,24.504425,LH,Limbic
233,7Networks_LH_Limbic_OFC_4,49.585859,82.474747,24.737374,LH,Limbic
234,7Networks_LH_Limbic_OFC_5,53.939394,81.507576,25.583333,LH,Limbic
235,7Networks_LH_Limbic_OFC_6,57.082759,76.955172,27.265517,LH,Limbic
236,7Networks_LH_Limbic_OFC_7,47.305147,73.544118,25.955882,LH,Limbic
237,7Networks_LH_Limbic_OFC_8,46.394872,82.646154,25.2,LH,Limbic
238,7Networks_LH_Limbic_OFC_9,49.924731,89.806452,25.236559,LH,Limbic
239,7Networks_LH_Limbic_OFC_10,46.826923,70.384615,30.615385,LH,Limbic
240,7Networks_LH_Limbic_OFC_11,49.102804,95.663551,29.448598,LH,Limbic
241,7Networks_LH_Limbic_OFC_12,54.622222,94.51746,31.561905,LH,Limbic
242,7Networks_LH_Limbic_TempPole_1,60.129129,61.612613,14.066066,LH,Limbic
243,7Networks_LH_Limbic_TempPole_2,67.373702,61.086505,14.951557,LH,Limbic
244,7Networks_LH_Limbic_TempPole_3,62.084906,67.981132,15.580189,LH,Limbic
245,7Networks_LH_Limbic_TempPole_4,58.961207,58.762931,19.012931,LH,Limbic
246,7Networks_LH_Limbic_TempPole_5,64.465455,55.767273,19.774545,LH,Limbic
247,7Networks_LH_Limbic_TempPole_6,56.045714,65.554286,17.834286,LH,Limbic
248,7Networks_LH_Limbic_TempPole_7,70.130769,53.215385,19.546154,LH,Limbic
249,7Networks_LH_Limbic_TempPole_8,53.970588,59.808824,21.294118,LH,Limbic
250,7Networks_LH_Limbic_TempPole_9,63.5125,52.375,22.15,LH,Limbic
251,7Networks_LH_Limbic_TempPole_10,59.263333,68.853333,20.19,LH,Limbic
252,7Networks_LH_Limbic_TempPole_11,66.579618,47.738854,25.063694,LH,Limbic
253,7Networks_LH_Limbic_TempPole_12,55.736196,53.95092,22.110429,LH,Limbic
254,7Networks_LH_Limbic_TempPole_13,66.141204,71.75,21.597222,LH,Limbic
255,7Networks_LH_Limbic_TempPole_14,61.070175,50.678363,23.783626,LH,Limbic
256,7Networks_LH_Limbic_TempPole_15,73.488889,46.307407,23.825926,LH,Limbic
257,7Networks_LH_Limbic_TempPole_16,63.653543,67.433071,23.551181,LH,Limbic
258,7Networks_LH_Limbic_TempPole_17,67.372093,65.995349,28.12093,LH,Limbic
259,7Networks_LH_Cont_Par_1,74.536145,42.271084,58.006024,LH,Cont
260,7Networks_LH_Cont_Par_2,71.672026,37.990354,57.848875,LH,Cont
261,7Networks_LH_Cont_Par_3,60.407643,27.242038,61.261146,LH,Cont
262,7Networks_LH_Cont_Par_4,71.19697,41.363636,62.939394,LH,Cont
263,7Networks_LH_Cont_Par_5,64.1,32.541667,61.858333,LH,Cont
264,7Networks_LH_Cont_Par_6,67.4375,38.9375,62.354167,LH,Cont
265,7Networks_LH_Cont_Par_7,66.324324,36.216216,61.175676,LH,Cont
266,7Networks_LH_Cont_Par_8,68.223464,42.910615,59.184358,LH,Cont
267,7Networks_LH_Cont_Par_9,59.616667,30.6,60.3,LH,Cont
268,7Networks_LH_Cont_Par_10,65.232558,40.96124,57.775194,LH,Cont
269,7Networks_LH_Cont_Par_11,61.565574,33.467213,57.721311,LH,Cont
270,7Networks_LH_Cont_Par_12,62.419118,37.404412,56.25,LH,Cont
271,7Networks_LH_Cont_Temp_1,75.13125,42.4625,26.38125,LH,Cont
272,7Networks_LH_Cont_Temp_2,75.098765,40.152263,30.102881,LH,Cont
273,7Networks_LH_Cont_Temp_3,75.990291,38.592233,34.417476,LH,Cont
274,7Networks_LH_Cont_PFCd_1,60.022901,64.450382,65.648855,LH,Cont
275,7Networks_LH_Cont_PFCd_2,55.077922,71.428571,67.766234,LH,Cont
276,7Networks_LH_Cont_PFCl_1,65.981723,87.814621,34.600522,LH,Cont
277,7Networks_LH_Cont_PFCl_2,68.244275,83.320611,38.961832,LH,Cont
278,7Networks_LH_Cont_PFCl_3,59.491349,91.083045,41.16609,LH,Cont
279,7Networks_LH_Cont_PFCl_4,70.093458,78.53271,42.845794,LH,Cont
280,7Networks_LH_Cont_PFCl_5,64.071429,86.920635,42.246032,LH,Cont
281,7Networks_LH_Cont_PFCl_6,69.965986,69.027211,41.972789,LH,Cont
282,7Networks_LH_Cont_PFCl_7,65.963855,80.978916,44.650602,LH,Cont
283,7Networks_LH_Cont_PFCl_8,69.629213,66.831461,46.134831,LH,Cont
284,7Networks_LH_Cont_PFCl_9,68.410828,72.130573,47.818471,LH,Cont
285,7Networks_LH_Cont_PFCl_10,65.950893,81.848214,50.263393,LH,Cont
286,7Networks_LH_Cont_PFCl_11,67.15,75.169231,49.803846,LH,Cont
287,7Networks_LH_Cont_PFCl_12,63.470588,67.463235,49.720588,LH,Cont
288,7Networks_LH_Cont_PFCl_13,62.611801,78.990683,55.065217,LH,Cont
289,7Networks_LH_Cont_PFCl_14,67.312796,72.933649,53.57346,LH,Cont
290,7Networks_LH_Cont_PFCl_15,64.716667,65.616667,52.925,LH,Cont
291,7Networks_LH_Cont_OFC_1,57.595745,86.656535,28.854103,LH,Cont
292,7Networks_LH_Cont_PFCv_1,62.458599,70.210191,31.700637,LH,Cont
293,7Networks_LH_Cont_PFCv_2,61.244318,73.403409,35.3125,LH,Cont
294,7Networks_LH_Cont_pCun_1,49.027523,26.587156,54.486239,LH,Cont
295,7Networks_LH_Cont_pCun_2,49.414894,24.446809,58.297872,LH,Cont
296,7Networks_LH_Cont_pCun_3,46.647059,28.705882,58.694118,LH,Cont
297,7Networks_LH_Cont_Cing_1,48.189189,44.324324,48.513514,LH,Cont
298,7Networks_LH_Cont_Cing_2,46.555556,70.936508,48.301587,LH,Cont
299,7Networks_LH_Cont_Cing_3,47.282051,50.102564,50.153846,LH,Cont
300,7Networks_LH_Cont_Cing_4,47.105263,64.017544,50.736842,LH,Cont
301,7Networks_LH_Cont_Cing_5,46.878049,57.04878,50.878049,LH,Cont
302,7Networks_LH_Cont_PFCmp_1,46.767025,76.541219,58.90681,LH,Cont
303,7Networks_LH_Cont_PFCmp_2,47.587156,70.009174,62.669725,LH,Cont
304,7Networks_LH_Default_Temp_1,70.486804,64.390029,19.964809,LH,Default
305,7Networks_LH_Default_Temp_2,73.9,55.103704,21.988889,LH,Default
306,7Networks_LH_Default_Temp_3,75.986979,50.026042,27.520833,LH,Default
307,7Networks_LH_Default_Temp_4,71.129032,67.129032,27.497696,LH,Default
308,7Networks_LH_Default_Temp_5,70.763636,62.654545,25.854545,LH,Default
309,7Networks_LH_Default_Temp_6,75.403548,58.108647,28.290466,LH,Default
310,7Networks_LH_Default_Temp_7,76.584615,50.638462,31.953846,LH,Default
311,7Networks_LH_Default_Temp_8,71.9375,61.056818,30.806818,LH,Default
312,7Networks_LH_Default_Temp_9,70.6875,56.03125,30.640625,LH,Default
313,7Networks_LH_Default_Temp_10,76.138037,44.558282,34.730061,LH,Default
314,7Networks_LH_Default_Temp_11,71.0,51.307692,33.288462,LH,Default
315,7Networks_LH_Default_Temp_12,74.952096,56.197605,34.57485,LH,Default
316,7Networks_LH_Default_Temp_13,70.943182,45.102273,36.323864,LH,Default
317,7Networks_LH_Default_Temp_14,76.210084,37.159664,38.890756,LH,Default
318,7Networks_LH_Default_Temp_15,76.229947,49.663102,37.224599,LH,Default
319,7Networks_LH_Default_Temp_16,71.300926,40.361111,39.083333,LH,Default
320,7Networks_LH_Default_Par_1,68.745763,32.822034,45.110169,LH,Default
321,7Networks_LH_Default_Par_2,67.987179,37.679487,44.307692,LH,Default
322,7Networks_LH_Default_Par_3,74.662791,38.069767,44.244186,LH,Default
323,7Networks_LH_Default_Par_4,67.033557,30.020134,47.684564,LH,Default
324,7Networks_LH_Default_Par_5,67.285714,34.468254,48.373016,LH,Default
325,7Networks_LH_Default_Par_6,70.404959,36.0,48.603306,LH,Default
326,7Networks_LH_Default_Par_7,68.995283,27.792453,52.141509,LH,Default
327,7Networks_LH_Default_Par_8,75.055046,36.610092,50.853211,LH,Default
328,7Networks_LH_Default_Par_9,68.261468,31.752294,52.655963,LH,Default
329,7Networks_LH_Default_Par_10,71.282759,33.737931,53.386207,LH,Default
330,7Networks_LH_Default_Par_11,64.107143,25.678571,57.833333,LH,Default
331,7Networks_LH_Default_Par_12,67.510549,30.303797,59.510549,LH,Default
332,7Networks_LH_Default_Par_13,70.235294,34.27451,59.869281,LH,Default
333,7Networks_LH_Default_PFC_1,63.035242,74.444934,28.515419,LH,Default
334,7Networks_LH_Default_PFC_2,62.808743,81.147541,29.765027,LH,Default
335,7Networks_LH_Default_PFC_3,64.103846,88.423077,29.407692,LH,Default
336,7Networks_LH_Default_PFC_4,47.43038,90.248101,30.825316,LH,Default
337,7Networks_LH_Default_PFC_5,47.931264,80.203991,31.756098,LH,Default
338,7Networks_LH_Default_PFC_6,68.230032,79.140575,30.840256,LH,Default
339,7Networks_LH_Default_PFC_7,59.012,92.032,35.288,LH,Default
340,7Networks_LH_Default_PFC_8,66.179245,76.386792,37.330189,LH,Default
341,7Networks_LH_Default_PFC_9,70.092166,79.211982,35.170507,LH,Default
342,7Networks_LH_Default_PFC_10,48.948718,96.903846,37.314103,LH,Default
343,7Networks_LH_Default_PFC_11,48.54321,92.0,38.95679,LH,Default
344,7Networks_LH_Default_PFC_12,48.028078,85.298056,38.568035,LH,Default
345,7Networks_LH_Default_PFC_13,70.932347,73.141649,40.361522,LH,Default
346,7Networks_LH_Default_PFC_14,54.890323,95.687097,40.216129,LH,Default
347,7Networks_LH_Default_PFC_15,46.16129,80.516129,41.370968,LH,Default
348,7Networks_LH_Default_PFC_16,47.301282,93.266026,45.88141,LH,Default
349,7Networks_LH_Default_PFC_17,48.25,87.177966,45.516949,LH,Default
350,7Networks_LH_Default_PFC_18,56.630841,91.425234,46.261682,LH,Default
351,7Networks_LH_Default_PFC_19,46.354839,76.645161,45.021505,LH,Default
352,7Networks_LH_Default_PFC_20,52.539286,93.378571,48.392857,LH,Default
353,7Networks_LH_Default_PFC_21,48.62069,81.125,46.978448,LH,Default
354,7Networks_LH_Default_PFC_22,55.751412,86.870056,52.107345,LH,Default
355,7Networks_LH_Default_PFC_23,47.315217,90.391304,55.130435,LH,Default
356,7Networks_LH_Default_PFC_24,46.690402,83.885449,53.30031,LH,Default
357,7Networks_LH_Default_PFC_25,52.190299,88.208955,56.08209,LH,Default
358,7Networks_LH_Default_PFC_26,55.14,82.72,56.74,LH,Default
359,7Networks_LH_Default_PFC_27,58.825688,77.706422,59.706422,LH,Default
360,7Networks_LH_Default_PFC_28,64.719101,74.992509,58.951311,LH,Default
361,7Networks_LH_Default_PFC_29,67.828571,69.337143,56.417143,LH,Default
362,7Networks_LH_Default_PFC_30,56.483221,75.604027,56.644295,LH,Default
363,7Networks_LH_Default_PFC_31,50.558333,84.008333,61.533333,LH,Default
364,7Networks_LH_Default_PFC_32,46.825503,82.322148,61.946309,LH,Default
365,7Networks_LH_Default_PFC_33,65.58427,66.505618,60.314607,LH,Default
366,7Networks_LH_Default_PFC_34,64.045643,69.804979,63.954357,LH,Default
367,7Networks_LH_Default_PFC_35,55.05802,78.559727,61.614334,LH,Default
368,7Networks_LH_Default_PFC_36,59.47343,71.222222,63.516908,LH,Default
369,7Networks_LH_Default_PFC_37,56.328767,70.945205,61.773973,LH,Default
370,7Networks_LH_Default_PFC_38,51.05618,76.277154,65.872659,LH,Default
371,7Networks_LH_Default_PFC_39,47.156627,72.590361,66.759036,LH,Default
372,7Networks_LH_Default_PFC_40,50.900552,68.745856,69.375691,LH,Default
373,7Networks_LH_Default_pCunPCC_1,49.888,36.32,39.936,LH,Default
374,7Networks_LH_Default_pCunPCC_2,47.94,39.5,42.92,LH,Default
375,7Networks_LH_Default_pCunPCC_3,50.22069,33.689655,44.137931,LH,Default
376,7Networks_LH_Default_pCunPCC_4,47.222222,36.598291,44.65812,LH,Default
377,7Networks_LH_Default_pCunPCC_5,48.086957,41.217391,47.043478,LH,Default
378,7Networks_LH_Default_pCunPCC_6,46.619565,31.923913,47.119565,LH,Default
379,7Networks_LH_Default_pCunPCC_7,50.512821,30.076923,48.461538,LH,Default
380,7Networks_LH_Default_pCunPCC_8,47.604651,37.360465,48.476744,LH,Default
381,7Networks_LH_Default_pCunPCC_9,46.202899,40.985507,50.376812,LH,Default
382,7Networks_LH_Default_pCunPCC_10,50.969697,28.5,51.022727,LH,Default
383,7Networks_LH_Default_pCunPCC_11,47.626667,33.813333,50.04,LH,Default
384,7Networks_LH_Default_pCunPCC_12,46.642857,45.25,50.428571,LH,Default
385,7Networks_LH_Default_pCunPCC_13,46.969697,29.525253,51.050505,LH,Default
386,7Networks_LH_Default_pCunPCC_14,50.543478,38.608696,51.26087,LH,Default
387,7Networks_LH_Default_pCunPCC_15,47.721649,43.402062,52.927835,LH,Default
388,7Networks_LH_Default_pCunPCC_16,46.916667,47.816667,53.233333,LH,Default
389,7Networks_LH_Default_pCunPCC_17,46.184971,55.104046,54.0,LH,Default
390,7Networks_LH_Default_pCunPCC_18,48.084112,34.205607,53.327103,LH,Default
391,7Networks_LH_Default_pCunPCC_19,49.04717,41.556604,54.981132,LH,Default
392,7Networks_LH_Default_pCunPCC_20,46.511364,29.738636,54.875,LH,Default
393,7Networks_LH_Default_pCunPCC_21,46.789474,50.210526,56.0,LH,Default
394,7Networks_LH_Default_pCunPCC_22,47.213483,45.741573,57.11236,LH,Default
395,7Networks_LH_Default_pCunPCC_23,49.75,37.548387,55.620968,LH,Default
396,7Networks_LH_Default_pCunPCC_24,47.603175,41.793651,58.539683,LH,Default
397,7Networks_LH_Default_pCunPCC_25,47.409091,33.727273,57.477273,LH,Default
398,7Networks_LH_Default_pCunPCC_26,48.083333,37.916667,59.44697,LH,Default
399,7Networks_LH_Default_pCunPCC_27,47.5,34.0625,60.671875,LH,Default
400,7Networks_LH_Default_PHC_1,54.622222,50.022222,25.733333,LH,Default
401,7Networks_RH_Vis_1,28.908654,46.596154,24.019231,RH,Vis
402,7Networks_RH_Vis_2,28.412587,51.181818,24.090909,RH,Vis
403,7Networks_RH_Vis_3,27.427602,38.588235,26.5181,RH,Vis
404,7Networks_RH_Vis_4,30.12987,40.649351,29.766234,RH,Vis
405,7Networks_RH_Vis_5,29.528497,45.590674,28.725389,RH,Vis
406,7Networks_RH_Vis_6,21.905941,34.212871,27.316832,RH,Vis
407,7Networks_RH_Vis_7,27.163399,30.078431,28.372549,RH,Vis
408,7Networks_RH_Vis_8,30.753846,30.74359,30.758974,RH,Vis
409,7Networks_RH_Vis_9,34.230088,46.716814,28.548673,RH,Vis
410,7Networks_RH_Vis_10,26.484305,24.304933,28.242152,RH,Vis
411,7Networks_RH_Vis_11,32.206897,23.600985,30.098522,RH,Vis
412,7Networks_RH_Vis_12,32.572519,33.931298,32.022901,RH,Vis
413,7Networks_RH_Vis_13,33.931624,39.521368,31.717949,RH,Vis
414,7Networks_RH_Vis_14,21.211864,27.199153,29.165254,RH,Vis
415,7Networks_RH_Vis_15,35.916667,26.0625,31.375,RH,Vis
416,7Networks_RH_Vis_16,35.226667,18.742222,29.942222,RH,Vis
417,7Networks_RH_Vis_17,38.824742,22.14433,29.123711,RH,Vis
418,7Networks_RH_Vis_18,26.803419,19.051282,28.034188,RH,Vis
419,7Networks_RH_Vis_19,36.636364,44.818182,30.257576,RH,Vis
420,7Networks_RH_Vis_20,37.984848,39.454545,32.318182,RH,Vis
421,7Networks_RH_Vis_21,38.18107,32.670782,33.91358,RH,Vis
422,7Networks_RH_Vis_22,40.737643,27.072243,34.011407,RH,Vis
423,7Networks_RH_Vis_23,37.696429,15.053571,29.803571,RH,Vis
424,7Networks_RH_Vis_24,20.654255,25.074468,32.5,RH,Vis
425,7Networks_RH_Vis_25,41.567961,18.058252,31.004854,RH,Vis
426,7Networks_RH_Vis_26,33.57672,13.798942,30.412698,RH,Vis
427,7Networks_RH_Vis_27,38.244186,35.430233,36.872093,RH,Vis
428,7Networks_RH_Vis_28,27.283721,17.348837,32.906977,RH,Vis
429,7Networks_RH_Vis_29,35.964103,40.789744,34.65641,RH,Vis
430,7Networks_RH_Vis_30,42.978102,23.948905,35.583942,RH,Vis
431,7Networks_RH_Vis_31,22.016393,30.628415,36.191257,RH,Vis
432,7Networks_RH_Vis_32,40.934426,30.844262,39.327869,RH,Vis
433,7Networks_RH_Vis_33,22.95,20.8875,35.3125,RH,Vis
434,7Networks_RH_Vis_34,38.197183,41.0,37.394366,RH,Vis
435,7Networks_RH_Vis_35,39.513308,14.81749,36.532319,RH,Vis
436,7Networks_RH_Vis_36,19.48503,27.622754,37.862275,RH,Vis
437,7Networks_RH_Vis_37,41.041176,20.176471,37.6,RH,Vis
438,7Networks_RH_Vis_38,32.244792,13.697917,37.171875,RH,Vis
439,7Networks_RH_Vis_39,37.825581,11.337209,37.837209,RH,Vis
440,7Networks_RH_Vis_40,39.994792,25.286458,40.395833,RH,Vis
441,7Networks_RH_Vis_41,33.450495,34.09901,38.59901,RH,Vis
442,7Networks_RH_Vis_42,36.255814,28.976744,39.767442,RH,Vis
443,7Networks_RH_Vis_43,28.164062,18.597656,38.199219,RH,Vis
444,7Networks_RH_Vis_44,42.398058,21.116505,41.747573,RH,Vis
445,7Networks_RH_Vis_45,35.737903,14.100806,43.322581,RH,Vis
446,7Networks_RH_Vis_46,34.565789,33.368421,41.447368,RH,Vis
447,7Networks_RH_Vis_47,20.951807,29.46988,43.168675,RH,Vis
448,7Networks_RH_Vis_48,39.966942,28.644628,42.669421,RH,Vis
449,7Networks_RH_Vis_49,23.034,23.8,40.976,RH,Vis
450,7Networks_RH_Vis_50,41.639752,16.695652,44.204969,RH,Vis
451,7Networks_RH_Vis_51,35.55,31.51,44.18,RH,Vis
452,7Networks_RH_Vis_52,30.597561,18.686992,44.784553,RH,Vis
453,7Networks_RH_Vis_53,42.495652,23.904348,48.013043,RH,Vis
454,7Networks_RH_Vis_54,27.533333,20.766667,44.244444,RH,Vis
455,7Networks_RH_Vis_55,37.048632,17.480243,48.079027,RH,Vis
456,7Networks_RH_Vis_56,38.563636,28.45,46.709091,RH,Vis
457,7Networks_RH_Vis_57,41.337748,19.708609,52.748344,RH,Vis
458,7Networks_RH_Vis_58,35.666667,31.262626,49.373737,RH,Vis
459,7Networks_RH_Vis_59,25.746269,23.216418,50.201493,RH,Vis
460,7Networks_RH_Vis_60,28.096296,23.925926,47.333333,RH,Vis
461,7Networks_RH_Vis_61,38.339286,24.315476,51.934524,RH,Vis
462,7Networks_RH_Vis_62,31.292237,21.657534,49.707763,RH,Vis
463,7Networks_RH_Vis_63,35.375,27.477273,53.022727,RH,Vis
464,7Networks_RH_Vis_64,34.682464,19.507109,54.582938,RH,Vis
465,7Networks_RH_Vis_65,36.993789,22.267081,56.658385,RH,Vis
466,7Networks_RH_Vis_66,30.658654,24.466346,56.355769,RH,Vis
467,7Networks_RH_Vis_67,34.176471,22.568627,60.215686,RH,Vis
468,7Networks_RH_SomMot_1,18.047319,65.391167,33.504732,RH,SomMot
469,7Networks_RH_SomMot_2,14.701613,61.524194,33.056452,RH,SomMot
470,7Networks_RH_SomMot_3,21.589474,59.084211,32.715789,RH,SomMot
471,7Networks_RH_SomMot_4,16.158333,56.566667,33.833333,RH,SomMot
472,7Networks_RH_SomMot_5,18.147287,51.565891,35.705426,RH,SomMot
473,7Networks_RH_SomMot_6,12.014925,55.164179,36.029851,RH,SomMot
474,7Networks_RH_SomMot_7,16.94152,57.622807,37.947368,RH,SomMot
475,7Networks_RH_SomMot_8,24.162162,53.189189,37.216216,RH,SomMot
476,7Networks_RH_SomMot_9,12.184,50.648,37.296,RH,SomMot
477,7Networks_RH_SomMot_10,16.513761,47.201835,38.394495,RH,SomMot
478,7Networks_RH_SomMot_11,26.415584,58.194805,42.311688,RH,SomMot
479,7Networks_RH_SomMot_12,24.307692,52.557692,41.365385,RH,SomMot
480,7Networks_RH_SomMot_13,27.613333,52.666667,41.96,RH,SomMot
481,7Networks_RH_SomMot_14,20.69863,52.164384,40.410959,RH,SomMot
482,7Networks_RH_SomMot_15,24.472222,63.666667,42.75,RH,SomMot
483,7Networks_RH_SomMot_16,14.614887,51.323625,41.300971,RH,SomMot
484,7Networks_RH_SomMot_17,26.410256,58.153846,44.794872,RH,SomMot
485,7Networks_RH_SomMot_18,12.45625,45.4625,41.59375,RH,SomMot
486,7Networks_RH_SomMot_19,27.404255,52.595745,45.446809,RH,SomMot
487,7Networks_RH_SomMot_20,23.425532,57.148936,44.617021,RH,SomMot
488,7Networks_RH_SomMot_21,23.812155,47.861878,44.049724,RH,SomMot
489,7Networks_RH_SomMot_22,19.827273,58.427273,42.036364,RH,SomMot
490,7Networks_RH_SomMot_23,24.579545,50.727273,46.034091,RH,SomMot
491,7Networks_RH_SomMot_24,14.941176,62.535294,41.470588,RH,SomMot
492,7Networks_RH_SomMot_25,20.728682,52.713178,44.976744,RH,SomMot
493,7Networks_RH_SomMot_26,20.770833,48.125,48.822917,RH,SomMot
494,7Networks_RH_SomMot_27,14.662791,57.023256,43.563953,RH,SomMot
495,7Networks_RH_SomMot_28,13.694737,62.284211,44.873684,RH,SomMot
496,7Networks_RH_SomMot_29,12.123596,59.94382,48.516854,RH,SomMot
497,7Networks_RH_SomMot_30,14.377193,64.885965,50.061404,RH,SomMot
498,7Networks_RH_SomMot_31,16.570312,60.359375,48.804688,RH,SomMot
499,7Networks_RH_SomMot_32,14.212766,59.170213,54.978723,RH,SomMot
500,7Networks_RH_SomMot_33,18.772549,60.305882,54.760784,RH,SomMot
501,7Networks_RH_SomMot_34,18.97479,57.428571,54.630252,RH,SomMot
502,7Networks_RH_SomMot_35,16.685714,55.438095,56.504762,RH,SomMot
503,7Networks_RH_SomMot_36,41.124378,61.81592,57.268657,RH,SomMot
504,7Networks_RH_SomMot_37,40.168675,55.891566,56.228916,RH,SomMot
505,7Networks_RH_SomMot_38,19.386861,56.569343,60.868613,RH,SomMot
506,7Networks_RH_SomMot_39,18.62037,53.212963,60.962963,RH,SomMot
507,7Networks_RH_SomMot_40,38.661765,53.0,57.352941,RH,SomMot
508,7Networks_RH_SomMot_41,25.234375,55.09375,56.453125,RH,SomMot
509,7Networks_RH_SomMot_42,40.164179,58.373134,59.328358,RH,SomMot
510,7Networks_RH_SomMot_43,22.207317,58.408537,61.27439,RH,SomMot
511,7Networks_RH_SomMot_44,20.683453,49.532374,63.884892,RH,SomMot
512,7Networks_RH_SomMot_45,21.133333,52.9,66.222222,RH,SomMot
513,7Networks_RH_SomMot_46,41.816568,62.857988,63.12426,RH,SomMot
514,7Networks_RH_SomMot_47,39.878378,49.202703,59.986486,RH,SomMot
515,7Networks_RH_SomMot_48,24.447059,52.764706,61.058824,RH,SomMot
516,7Networks_RH_SomMot_49,41.848958,55.78125,61.703125,RH,SomMot
517,7Networks_RH_SomMot_50,24.571429,54.706349,64.404762,RH,SomMot
518,7Networks_RH_SomMot_51,30.357143,44.666667,63.690476,RH,SomMot
519,7Networks_RH_SomMot_52,24.952,46.28,66.816,RH,SomMot
520,7Networks_RH_SomMot_53,41.04878,45.743902,62.536585,RH,SomMot
521,7Networks_RH_SomMot_54,28.871795,42.647436,68.442308,RH,SomMot
522,7Networks_RH_SomMot_55,27.101449,49.63285,66.144928,RH,SomMot
523,7Networks_RH_SomMot_56,25.72093,56.186047,69.27907,RH,SomMot
524,7Networks_RH_SomMot_57,42.741228,52.390351,65.355263,RH,SomMot
525,7Networks_RH_SomMot_58,30.675214,45.957265,68.615385,RH,SomMot
526,7Networks_RH_SomMot_59,29.164062,51.398438,66.710938,RH,SomMot
527,7Networks_RH_SomMot_60,31.022989,57.5,68.41954,RH,SomMot
528,7Networks_RH_SomMot_61,40.446667,42.72,68.28,RH,SomMot
529,7Networks_RH_SomMot_62,29.965517,53.954023,71.862069,RH,SomMot
530,7Networks_RH_SomMot_63,32.962264,42.283019,68.509434,RH,SomMot
531,7Networks_RH_SomMot_64,43.330357,47.491071,67.794643,RH,SomMot
532,7Networks_RH_SomMot_65,32.869919,48.861789,69.414634,RH,SomMot
533,7Networks_RH_SomMot_66,35.642512,60.52657,70.497585,RH,SomMot
534,7Networks_RH_SomMot_67,34.522936,50.908257,69.541284,RH,SomMot
535,7Networks_RH_SomMot_68,33.789474,46.252632,71.357895,RH,SomMot
536,7Networks_RH_SomMot_69,35.700535,56.13369,71.775401,RH,SomMot
537,7Networks_RH_SomMot_70,34.348837,41.639535,71.662791,RH,SomMot
538,7Networks_RH_SomMot_71,41.096257,54.652406,72.71123,RH,SomMot
539,7Networks_RH_SomMot_72,39.775701,43.420561,73.691589,RH,SomMot
540,7Networks_RH_SomMot_73,42.56962,47.177215,72.417722,RH,SomMot
541,7Networks_RH_SomMot_74,37.990476,47.27619,72.257143,RH,SomMot
542,7Networks_RH_SomMot_75,38.245098,49.931373,72.078431,RH,SomMot
543,7Networks_RH_SomMot_76,37.136364,46.363636,75.25,RH,SomMot
544,7Networks_RH_DorsAttn_Post_1,21.416667,45.935185,24.731481,RH,DorsAttn
545,7Networks_RH_DorsAttn_Post_2,20.6,41.257143,26.444444,RH,DorsAttn
546,7Networks_RH_DorsAttn_Post_3,19.907489,35.140969,29.246696,RH,DorsAttn
547,7Networks_RH_DorsAttn_Post_4,15.565421,36.023364,29.841121,RH,DorsAttn
548,7Networks_RH_DorsAttn_Post_5,20.080537,32.483221,33.04698,RH,DorsAttn
549,7Networks_RH_DorsAttn_Post_6,14.214286,38.035714,33.814286,RH,DorsAttn
550,7Networks_RH_DorsAttn_Post_7,17.52027,34.108108,35.283784,RH,DorsAttn
551,7Networks_RH_DorsAttn_Post_8,14.657343,35.293706,38.216783,RH,DorsAttn
552,7Networks_RH_DorsAttn_Post_9,20.194656,32.652672,40.583969,RH,DorsAttn
553,7Networks_RH_DorsAttn_Post_10,18.5,36.012048,42.493976,RH,DorsAttn
554,7Networks_RH_DorsAttn_Post_11,20.044118,33.345588,45.352941,RH,DorsAttn
555,7Networks_RH_DorsAttn_Post_12,23.464286,22.714286,46.702381,RH,DorsAttn
556,7Networks_RH_DorsAttn_Post_13,15.375,55.703125,52.171875,RH,DorsAttn
557,7Networks_RH_DorsAttn_Post_14,26.88,25.904,54.808,RH,DorsAttn
558,7Networks_RH_DorsAttn_Post_15,29.584541,29.613527,52.352657,RH,DorsAttn
559,7Networks_RH_DorsAttn_Post_16,16.562963,51.859259,58.0,RH,DorsAttn
560,7Networks_RH_DorsAttn_Post_17,18.803922,46.803922,61.960784,RH,DorsAttn
561,7Networks_RH_DorsAttn_Post_18,28.80226,28.740113,59.305085,RH,DorsAttn
562,7Networks_RH_DorsAttn_Post_19,21.318182,44.075758,61.666667,RH,DorsAttn
563,7Networks_RH_DorsAttn_Post_20,32.423729,30.491525,58.423729,RH,DorsAttn
564,7Networks_RH_DorsAttn_Post_21,20.043478,52.434783,55.304348,RH,DorsAttn
565,7Networks_RH_DorsAttn_Post_22,22.393013,48.471616,57.982533,RH,DorsAttn
566,7Networks_RH_DorsAttn_Post_23,24.88587,43.494565,60.125,RH,DorsAttn
567,7Networks_RH_DorsAttn_Post_24,37.041667,25.567708,62.088542,RH,DorsAttn
568,7Networks_RH_DorsAttn_Post_25,30.403141,31.633508,63.057592,RH,DorsAttn
569,7Networks_RH_DorsAttn_Post_26,27.589474,39.880702,59.585965,RH,DorsAttn
570,7Networks_RH_DorsAttn_Post_27,28.890244,36.054878,62.585366,RH,DorsAttn
571,7Networks_RH_DorsAttn_Post_28,27.603175,46.111111,59.714286,RH,DorsAttn
572,7Networks_RH_DorsAttn_Post_29,34.4,29.3,63.272414,RH,DorsAttn
573,7Networks_RH_DorsAttn_Post_30,26.133333,43.0,65.346667,RH,DorsAttn
574,7Networks_RH_DorsAttn_Post_31,41.323944,27.859155,63.140845,RH,DorsAttn
575,7Networks_RH_DorsAttn_Post_32,41.703297,36.543956,62.510989,RH,DorsAttn
576,7Networks_RH_DorsAttn_Post_33,26.643939,39.022727,66.378788,RH,DorsAttn
577,7Networks_RH_DorsAttn_Post_34,31.328302,34.8,66.633962,RH,DorsAttn
578,7Networks_RH_DorsAttn_Post_35,38.687943,28.48227,66.219858,RH,DorsAttn
579,7Networks_RH_DorsAttn_Post_36,41.027778,32.409722,65.326389,RH,DorsAttn
580,7Networks_RH_DorsAttn_Post_37,34.426471,31.0,68.573529,RH,DorsAttn
581,7Networks_RH_DorsAttn_Post_38,38.725352,33.591549,69.232394,RH,DorsAttn
582,7Networks_RH_DorsAttn_Post_39,41.247788,37.960177,68.424779,RH,DorsAttn
583,7Networks_RH_DorsAttn_Post_40,30.493151,39.047945,70.136986,RH,DorsAttn
584,7Networks_RH_DorsAttn_Post_41,34.728916,35.813253,70.415663,RH,DorsAttn
585,7Networks_RH_DorsAttn_Post_42,37.81203,39.015038,73.278195,RH,DorsAttn
586,7Networks_RH_DorsAttn_FEF_1,23.045045,61.846847,61.117117,RH,DorsAttn
587,7Networks_RH_DorsAttn_FEF_2,27.994286,62.097143,61.44,RH,DorsAttn
588,7Networks_RH_DorsAttn_FEF_3,31.862595,64.305344,62.480916,RH,DorsAttn
589,7Networks_RH_DorsAttn_FEF_4,26.277778,60.063492,65.84127,RH,DorsAttn
590,7Networks_RH_DorsAttn_FEF_5,31.472222,58.833333,61.9375,RH,DorsAttn
591,7Networks_RH_DorsAttn_FEF_6,32.275281,61.882022,66.988764,RH,DorsAttn
592,7Networks_RH_DorsAttn_PrCv_1,15.095238,67.488095,47.190476,RH,DorsAttn
593,7Networks_RH_DorsAttn_PrCv_2,23.884956,68.566372,47.964602,RH,DorsAttn
594,7Networks_RH_DorsAttn_PrCv_3,22.096154,65.956731,50.298077,RH,DorsAttn
595,7Networks_RH_DorsAttn_PrCv_4,17.555556,66.541667,53.645833,RH,DorsAttn
596,7Networks_RH_SalVentAttn_TempOccPar_1,15.835366,39.823171,40.47561,RH,SalVentAttn
597,7Networks_RH_SalVentAttn_TempOccPar_2,19.109827,42.757225,41.895954,RH,SalVentAttn
598,7Networks_RH_SalVentAttn_TempOccPar_3,16.861111,43.069444,45.833333,RH,SalVentAttn
599,7Networks_RH_SalVentAttn_TempOccPar_4,14.596859,47.141361,46.371728,RH,SalVentAttn
600,7Networks_RH_SalVentAttn_TempOccPar_5,12.954545,43.515152,45.651515,RH,SalVentAttn
601,7Networks_RH_SalVentAttn_TempOccPar_6,16.403941,51.704433,46.26601,RH,SalVentAttn
602,7Networks_RH_SalVentAttn_TempOccPar_7,13.329545,42.386364,49.011364,RH,SalVentAttn
603,7Networks_RH_SalVentAttn_TempOccPar_8,12.612245,47.459184,50.520408,RH,SalVentAttn
604,7Networks_RH_SalVentAttn_TempOccPar_9,16.85567,48.381443,52.030928,RH,SalVentAttn
605,7Networks_RH_SalVentAttn_TempOccPar_10,13.022556,55.789474,48.541353,RH,SalVentAttn
606,7Networks_RH_SalVentAttn_TempOccPar_11,12.813559,52.299435,51.627119,RH,SalVentAttn
607,7Networks_RH_SalVentAttn_TempOccPar_12,14.122449,44.469388,54.510204,RH,SalVentAttn
608,7Networks_RH_SalVentAttn_TempOccPar_13,13.440252,50.09434,56.842767,RH,SalVentAttn
609,7Networks_RH_SalVentAttn_PrC_1,18.70922,63.858156,58.553191,RH,SalVentAttn
610,7Networks_RH_SalVentAttn_FrOperIns_1,25.392857,65.520408,29.903061,RH,SalVentAttn
611,7Networks_RH_SalVentAttn_FrOperIns_2,24.694268,59.33758,32.573248,RH,SalVentAttn
612,7Networks_RH_SalVentAttn_FrOperIns_3,24.888446,67.50996,35.135458,RH,SalVentAttn
613,7Networks_RH_SalVentAttn_FrOperIns_4,27.595238,76.75,36.541667,RH,SalVentAttn
614,7Networks_RH_SalVentAttn_FrOperIns_5,25.335079,56.17801,37.397906,RH,SalVentAttn
615,7Networks_RH_SalVentAttn_FrOperIns_6,25.991228,63.245614,39.27193,RH,SalVentAttn
616,7Networks_RH_SalVentAttn_FrOperIns_7,28.55814,72.174419,40.046512,RH,SalVentAttn
617,7Networks_RH_SalVentAttn_FrOperIns_8,24.32,74.651429,38.862857,RH,SalVentAttn
618,7Networks_RH_SalVentAttn_FrOperIns_9,27.098592,66.943662,41.422535,RH,SalVentAttn
619,7Networks_RH_SalVentAttn_FrOperIns_10,23.28,69.456,38.328,RH,SalVentAttn
620,7Networks_RH_SalVentAttn_FrOperIns_11,20.257576,67.371212,36.174242,RH,SalVentAttn
621,7Networks_RH_SalVentAttn_FrOperIns_12,21.52381,62.219048,39.67619,RH,SalVentAttn
622,7Networks_RH_SalVentAttn_FrOperIns_13,16.245614,65.052632,38.850877,RH,SalVentAttn
623,7Networks_RH_SalVentAttn_FrOperIns_14,18.19883,68.25731,41.274854,RH,SalVentAttn
624,7Networks_RH_SalVentAttn_FrOperIns_15,18.007463,67.61194,45.283582,RH,SalVentAttn
625,7Networks_RH_SalVentAttn_PFCv_1,19.932773,83.571429,36.319328,RH,SalVentAttn
626,7Networks_RH_SalVentAttn_PFCl_1,30.986175,85.949309,51.24424,RH,SalVentAttn
627,7Networks_RH_SalVentAttn_Med_1,41.303116,74.583569,51.912181,RH,SalVentAttn
628,7Networks_RH_SalVentAttn_Med_2,42.185393,67.865169,53.455056,RH,SalVentAttn
629,7Networks_RH_SalVentAttn_Med_3,42.914894,61.106383,53.744681,RH,SalVentAttn
630,7Networks_RH_SalVentAttn_Med_4,40.582418,49.197802,56.340659,RH,SalVentAttn
631,7Networks_RH_SalVentAttn_Med_5,40.803636,68.396364,58.389091,RH,SalVentAttn
632,7Networks_RH_SalVentAttn_Med_6,39.655914,44.430108,57.956989,RH,SalVentAttn
633,7Networks_RH_SalVentAttn_Med_7,37.630769,48.8,56.076923,RH,SalVentAttn
634,7Networks_RH_SalVentAttn_Med_8,41.875,70.097222,62.263889,RH,SalVentAttn
635,7Networks_RH_SalVentAttn_Med_9,40.323308,41.684211,61.323308,RH,SalVentAttn
636,7Networks_RH_SalVentAttn_Med_10,37.177778,45.222222,59.8,RH,SalVentAttn
637,7Networks_RH_SalVentAttn_Med_11,42.455446,68.148515,65.90099,RH,SalVentAttn
638,7Networks_RH_SalVentAttn_Med_12,38.193548,43.354839,63.741935,RH,SalVentAttn
639,7Networks_RH_SalVentAttn_Med_13,39.368421,40.394737,65.605263,RH,SalVentAttn
640,7Networks_RH_SalVentAttn_Med_14,41.658273,62.679856,69.057554,RH,SalVentAttn
641,7Networks_RH_SalVentAttn_Med_15,37.269231,66.330769,70.623077,RH,SalVentAttn
642,7Networks_RH_SalVentAttn_Med_16,39.37931,60.586207,72.275862,RH,SalVentAttn
643,7Networks_RH_Limbic_OFC_1,35.011905,69.64881,25.041667,RH,Limbic
644,7Networks_RH_Limbic_OFC_2,37.465116,76.937984,24.124031,RH,Limbic
645,7Networks_RH_Limbic_OFC_3,38.395062,71.962963,27.802469,RH,Limbic
646,7Networks_RH_Limbic_OFC_4,40.14094,79.006711,25.315436,RH,Limbic
647,7Networks_RH_Limbic_OFC_5,33.144144,77.072072,26.77027,RH,Limbic
648,7Networks_RH_Limbic_OFC_6,40.384868,88.365132,24.75,RH,Limbic
649,7Networks_RH_Limbic_OFC_7,42.55814,72.868217,25.976744,RH,Limbic
650,7Networks_RH_Limbic_OFC_8,43.361905,83.447619,23.609524,RH,Limbic
651,7Networks_RH_Limbic_OFC_9,42.78125,74.0625,30.015625,RH,Limbic
652,7Networks_RH_Limbic_OFC_10,40.816143,95.192825,29.147982,RH,Limbic
653,7Networks_RH_Limbic_TempPole_1,30.839109,64.133663,13.945545,RH,Limbic
654,7Networks_RH_Limbic_TempPole_2,27.852679,68.834821,15.834821,RH,Limbic
655,7Networks_RH_Limbic_TempPole_3,21.624606,60.886435,14.974763,RH,Limbic
656,7Networks_RH_Limbic_TempPole_4,24.872881,58.131356,18.754237,RH,Limbic
657,7Networks_RH_Limbic_TempPole_5,29.45974,58.088312,18.506494,RH,Limbic
658,7Networks_RH_Limbic_TempPole_6,34.926829,63.097561,19.853659,RH,Limbic
659,7Networks_RH_Limbic_TempPole_7,33.330986,66.211268,20.732394,RH,Limbic
660,7Networks_RH_Limbic_TempPole_8,18.908127,52.689046,20.657244,RH,Limbic
661,7Networks_RH_Limbic_TempPole_9,23.705069,50.612903,23.949309,RH,Limbic
662,7Networks_RH_Limbic_TempPole_10,29.527687,70.179153,20.65798,RH,Limbic
663,7Networks_RH_Limbic_TempPole_11,24.812,73.48,21.372,RH,Limbic
664,7Networks_RH_Limbic_TempPole_12,33.974522,56.235669,21.184713,RH,Limbic
665,7Networks_RH_Limbic_TempPole_13,24.861111,67.625,24.958333,RH,Limbic
666,7Networks_RH_Limbic_TempPole_14,34.16129,51.634409,24.354839,RH,Limbic
667,7Networks_RH_Limbic_TempPole_15,22.022857,67.251429,28.262857,RH,Limbic
668,7Networks_RH_Cont_Par_1,15.544304,40.677215,54.031646,RH,Cont
669,7Networks_RH_Cont_Par_2,23.323232,26.141414,55.222222,RH,Cont
670,7Networks_RH_Cont_Par_3,16.826733,38.19802,58.153465,RH,Cont
671,7Networks_RH_Cont_Par_4,15.314286,47.12381,61.104762,RH,Cont
672,7Networks_RH_Cont_Par_5,17.851351,43.522523,59.833333,RH,Cont
673,7Networks_RH_Cont_Par_6,19.98913,36.206522,61.978261,RH,Cont
674,7Networks_RH_Cont_Par_7,25.827869,28.795082,61.122951,RH,Cont
675,7Networks_RH_Cont_Par_8,20.466667,41.04,60.626667,RH,Cont
676,7Networks_RH_Cont_Par_9,24.013245,35.543046,60.668874,RH,Cont
677,7Networks_RH_Cont_Par_10,23.753425,40.109589,58.150685,RH,Cont
678,7Networks_RH_Cont_Par_11,26.582011,33.920635,59.539683,RH,Cont
679,7Networks_RH_Cont_Temp_1,15.366972,49.152905,23.972477,RH,Cont
680,7Networks_RH_Cont_Temp_2,15.454545,41.157025,24.983471,RH,Cont
681,7Networks_RH_Cont_Temp_3,13.183417,43.095477,30.417085,RH,Cont
682,7Networks_RH_Cont_PFCv_1,28.553398,72.300971,30.223301,RH,Cont
683,7Networks_RH_Cont_PFCv_2,28.12844,73.972477,33.055046,RH,Cont
684,7Networks_RH_Cont_PFCl_1,33.790179,83.683036,27.477679,RH,Cont
685,7Networks_RH_Cont_PFCl_2,32.141772,91.027848,28.974684,RH,Cont
686,7Networks_RH_Cont_PFCl_3,24.570281,88.389558,29.738956,RH,Cont
687,7Networks_RH_Cont_PFCl_4,29.695455,92.259091,34.172727,RH,Cont
688,7Networks_RH_Cont_PFCl_5,35.150641,95.326923,34.355769,RH,Cont
689,7Networks_RH_Cont_PFCl_6,23.620301,88.184211,34.43609,RH,Cont
690,7Networks_RH_Cont_PFCl_7,32.067039,91.24581,38.49162,RH,Cont
691,7Networks_RH_Cont_PFCl_8,24.412844,87.266055,39.266055,RH,Cont
692,7Networks_RH_Cont_PFCl_9,27.568465,91.435685,41.161826,RH,Cont
693,7Networks_RH_Cont_PFCl_10,21.882629,82.295775,40.586854,RH,Cont
694,7Networks_RH_Cont_PFCl_11,17.208835,72.26506,40.60241,RH,Cont
695,7Networks_RH_Cont_PFCl_12,18.916667,77.888889,44.438889,RH,Cont
696,7Networks_RH_Cont_PFCl_13,32.134831,90.876404,43.089888,RH,Cont
697,7Networks_RH_Cont_PFCl_14,18.9,71.8,46.625,RH,Cont
698,7Networks_RH_Cont_PFCl_15,23.665605,85.191083,44.675159,RH,Cont
699,7Networks_RH_Cont_PFCl_16,28.548523,87.329114,46.472574,RH,Cont
700,7Networks_RH_Cont_PFCl_17,22.086111,78.402778,47.736111,RH,Cont
701,7Networks_RH_Cont_PFCl_18,32.493827,90.57716,48.929012,RH,Cont
702,7Networks_RH_Cont_PFCl_19,23.463687,72.273743,49.368715,RH,Cont
703,7Networks_RH_Cont_PFCl_20,25.641221,83.358779,50.767176,RH,Cont
704,7Networks_RH_Cont_PFCl_21,19.947917,75.802083,52.395833,RH,Cont
705,7Networks_RH_Cont_PFCl_22,25.651282,68.579487,53.05641,RH,Cont
706,7Networks_RH_Cont_PFCl_23,24.7875,78.6875,55.004167,RH,Cont
707,7Networks_RH_Cont_PFCl_24,30.064706,83.464706,54.905882,RH,Cont
708,7Networks_RH_Cont_PFCl_25,23.586667,65.266667,55.966667,RH,Cont
709,7Networks_RH_Cont_PFCl_26,22.248021,71.408971,57.023747,RH,Cont
710,7Networks_RH_Cont_PFCl_27,26.28877,76.860963,59.919786,RH,Cont
711,7Networks_RH_Cont_PFCl_28,22.56051,65.853503,60.738854,RH,Cont
712,7Networks_RH_Cont_PFCl_29,25.567204,68.879032,64.443548,RH,Cont
713,7Networks_RH_Cont_PFCl_30,29.796154,70.884615,62.303846,RH,Cont
714,7Networks_RH_Cont_PFCl_31,33.133333,68.593939,62.836364,RH,Cont
715,7Networks_RH_Cont_PFCl_32,33.56129,67.425806,68.503226,RH,Cont
716,7Networks_RH_Cont_pCun_1,39.290909,29.727273,52.481818,RH,Cont
717,7Networks_RH_Cont_pCun_2,38.317536,26.151659,57.123223,RH,Cont
718,7Networks_RH_Cont_pCun_4,42.712329,28.315068,56.753425,RH,Cont
719,7Networks_RH_Cont_pCun_5,41.852459,25.229508,60.278689,RH,Cont
720,7Networks_RH_Cont_pCun_6,42.576923,30.384615,61.089744,RH,Cont
721,7Networks_RH_Cont_Cing_1,41.611111,46.597222,49.361111,RH,Cont
722,7Networks_RH_Cont_Cing_2,42.409091,64.670455,50.568182,RH,Cont
723,7Networks_RH_Cont_Cing_3,42.269231,54.201923,50.865385,RH,Cont
724,7Networks_RH_Cont_PFCmp_1,41.231111,80.462222,46.257778,RH,Cont
725,7Networks_RH_Cont_PFCmp_2,41.730539,80.365269,52.245509,RH,Cont
726,7Networks_RH_Cont_PFCmp_3,42.532258,76.877419,60.2,RH,Cont
727,7Networks_RH_Default_Par_1,19.135135,38.108108,43.743243,RH,Default
728,7Networks_RH_Default_Par_2,18.341463,40.670732,45.219512,RH,Default
729,7Networks_RH_Default_Par_3,17.06993,38.951049,47.286713,RH,Default
730,7Networks_RH_Default_Par_4,20.641469,28.861771,48.170626,RH,Default
731,7Networks_RH_Default_Par_5,20.582011,36.021164,48.640212,RH,Default
732,7Networks_RH_Default_Par_6,17.4,41.544444,49.488889,RH,Default
733,7Networks_RH_Default_Par_7,20.42953,31.671141,52.604027,RH,Default
734,7Networks_RH_Default_Par_8,16.561947,37.185841,51.176991,RH,Default
735,7Networks_RH_Default_Par_9,17.971831,34.232394,54.542254,RH,Default
736,7Networks_RH_Default_Par_10,21.150862,31.215517,58.237069,RH,Default
737,7Networks_RH_Default_Temp_1,20.606884,67.539855,19.313406,RH,Default
738,7Networks_RH_Default_Temp_2,16.236036,59.163964,22.277477,RH,Default
739,7Networks_RH_Default_Temp_3,20.108247,71.097938,25.530928,RH,Default
740,7Networks_RH_Default_Temp_4,15.141618,60.549133,27.624277,RH,Default
741,7Networks_RH_Default_Temp_5,12.793722,50.726457,27.874439,RH,Default
742,7Networks_RH_Default_Temp_6,18.480392,64.568627,28.25,RH,Default
743,7Networks_RH_Default_Temp_7,13.72619,53.928571,31.136905,RH,Default
744,7Networks_RH_Default_Temp_8,19.672897,58.579439,29.682243,RH,Default
745,7Networks_RH_Default_Temp_9,12.865801,48.25974,33.930736,RH,Default
746,7Networks_RH_Default_Temp_10,20.619048,52.97619,31.84127,RH,Default
747,7Networks_RH_Default_Temp_11,18.473684,48.982456,33.157895,RH,Default
748,7Networks_RH_Default_Temp_12,13.530612,41.693878,37.336735,RH,Default
749,7Networks_RH_Default_Temp_13,20.111111,45.474747,36.621212,RH,Default
750,7Networks_RH_Default_PFCv_1,30.347561,72.859756,26.0,RH,Default
751,7Networks_RH_Default_PFCv_2,27.50463,81.634259,29.569444,RH,Default
752,7Networks_RH_Default_PFCv_3,25.478873,75.859155,28.089202,RH,Default
753,7Networks_RH_Default_PFCv_4,21.492355,78.795107,30.608563,RH,Default
754,7Networks_RH_Default_PFCv_5,20.108108,78.908108,34.475676,RH,Default
755,7Networks_RH_Default_PFCv_6,18.247148,76.323194,38.638783,RH,Default
756,7Networks_RH_Default_PFCdPFCm_1,42.601562,82.726562,29.355469,RH,Default
757,7Networks_RH_Default_PFCdPFCm_2,41.985782,90.720379,31.018957,RH,Default
758,7Networks_RH_Default_PFCdPFCm_3,43.05618,76.88764,32.303371,RH,Default
759,7Networks_RH_Default_PFCdPFCm_4,41.133858,88.15748,34.417323,RH,Default
760,7Networks_RH_Default_PFCdPFCm_5,41.210526,96.461988,36.812865,RH,Default
761,7Networks_RH_Default_PFCdPFCm_6,41.74,82.508,35.504,RH,Default
762,7Networks_RH_Default_PFCdPFCm_7,35.44918,96.203279,41.606557,RH,Default
763,7Networks_RH_Default_PFCdPFCm_8,41.385567,91.468041,41.134021,RH,Default
764,7Networks_RH_Default_PFCdPFCm_9,40.507937,84.380952,40.84127,RH,Default
765,7Networks_RH_Default_PFCdPFCm_10,41.931507,78.068493,42.643836,RH,Default
766,7Networks_RH_Default_PFCdPFCm_11,37.285714,94.2,47.131429,RH,Default
767,7Networks_RH_Default_PFCdPFCm_12,41.291391,85.562914,47.18543,RH,Default
768,7Networks_RH_Default_PFCdPFCm_13,42.142857,72.471429,47.185714,RH,Default
769,7Networks_RH_Default_PFCdPFCm_14,42.012461,91.510903,50.604361,RH,Default
770,7Networks_RH_Default_PFCdPFCm_15,36.893204,89.355987,54.281553,RH,Default
771,7Networks_RH_Default_PFCdPFCm_16,34.279661,83.016949,53.669492,RH,Default
772,7Networks_RH_Default_PFCdPFCm_17,42.573222,85.075314,56.58159,RH,Default
773,7Networks_RH_Default_PFCdPFCm_18,39.406061,86.181818,60.212121,RH,Default
774,7Networks_RH_Default_PFCdPFCm_19,30.579208,78.069307,55.841584,RH,Default
775,7Networks_RH_Default_PFCdPFCm_20,33.333333,82.708333,59.02381,RH,Default
776,7Networks_RH_Default_PFCdPFCm_21,38.718367,80.126531,63.730612,RH,Default
777,7Networks_RH_Default_PFCdPFCm_22,33.35,74.794444,59.05,RH,Default
778,7Networks_RH_Default_PFCdPFCm_23,33.793846,74.84,65.043077,RH,Default
779,7Networks_RH_Default_PFCdPFCm_24,39.87541,72.885246,67.580328,RH,Default
780,7Networks_RH_Default_pCunPCC_1,39.068627,38.303922,39.558824,RH,Default
781,7Networks_RH_Default_pCunPCC_2,39.303279,35.786885,42.5,RH,Default
782,7Networks_RH_Default_pCunPCC_3,41.45,39.625,42.45,RH,Default
783,7Networks_RH_Default_pCunPCC_4,37.088889,33.911111,46.488889,RH,Default
784,7Networks_RH_Default_pCunPCC_5,42.425287,37.149425,44.701149,RH,Default
785,7Networks_RH_Default_pCunPCC_6,41.25,41.638889,47.0,RH,Default
786,7Networks_RH_Default_pCunPCC_7,42.782609,34.115942,47.028986,RH,Default
787,7Networks_RH_Default_pCunPCC_8,41.360656,30.639344,49.081967,RH,Default
788,7Networks_RH_Default_pCunPCC_9,41.641975,38.765432,49.234568,RH,Default
789,7Networks_RH_Default_pCunPCC_10,42.768116,42.115942,50.710145,RH,Default
790,7Networks_RH_Default_pCunPCC_11,41.918367,34.591837,49.816327,RH,Default
791,7Networks_RH_Default_pCunPCC_12,39.18,37.62,51.78,RH,Default
792,7Networks_RH_Default_pCunPCC_13,39.378378,41.216216,52.891892,RH,Default
793,7Networks_RH_Default_pCunPCC_14,43.073171,49.065041,54.325203,RH,Default
794,7Networks_RH_Default_pCunPCC_15,42.149351,44.785714,53.980519,RH,Default
795,7Networks_RH_Default_pCunPCC_16,42.930233,55.155039,54.705426,RH,Default
796,7Networks_RH_Default_pCunPCC_17,42.440299,32.089552,52.686567,RH,Default
797,7Networks_RH_Default_pCunPCC_18,39.663043,37.423913,54.913043,RH,Default
798,7Networks_RH_Default_pCunPCC_19,41.544872,33.442308,57.301282,RH,Default
799,7Networks_RH_Default_pCunPCC_20,41.525,38.325,58.491667,RH,Default
800,7Networks_RH_Cont_pCun_3,41.4625,40.9875,56.3875,RH,Cont
801,HIP-head-m-rh,34.684615,56.230769,26.184615,,
802,HIP-head-l-rh,30.111111,55.583333,25.819444,,
803,HIP-body-rh,29.929293,49.212121,30.626263,,
804,HIP-tail-rh,32.773585,44.160377,35.471698,,
805,THA-VPm-rh,40.238636,50.943182,36.897727,,
806,THA-VPl-rh,36.214286,52.336735,37.846939,,
807,THA-VAi-rh,41.16568,57.313609,37.659763,,
808,THA-VAs-rh,40.119469,58.420354,42.09292,,
809,THA-DAm-rh,40.151163,50.877907,41.569767,,
810,THA-DAl-rh,36.674242,53.166667,42.477273,,
811,PUT-VA-rh,33.830097,68.737864,33.349515,,
812,PUT-DA-rh,32.048309,66.21256,36.516908,,
813,PUT-VP-rh,29.632653,57.387755,35.926531,,
814,PUT-DP-rh,31.333333,61.858333,39.466667,,
815,CAU-VA-rh,39.710744,68.61157,38.429752,,
816,CAU-DA-rh,37.175758,71.581818,39.963636,,
817,CAU-body-rh,37.859813,65.738318,43.626168,,
818,CAU-tail-rh,37.095238,61.690476,45.833333,,
819,lAMY-rh,31.2,62.03125,25.25625,,
820,mAMY-rh,34.363158,60.363158,27.857895,,
821,THA-DP-rh,36.537313,47.567164,37.412935,,
822,NAc-shell-rh,39.422414,68.474138,32.594828,,
823,NAc-core-rh,37.611111,72.277778,34.544444,,
824,pGP-rh,33.466667,58.866667,35.177778,,
825,aGP-rh,36.166667,62.944444,35.12963,,
826,HIP-head-m-lh,54.315385,56.230769,26.184615,,
827,HIP-head-l-lh,58.888889,55.583333,25.819444,,
828,HIP-body-lh,59.070707,49.212121,30.626263,,
829,HIP-tail-lh,56.226415,44.160377,35.471698,,
830,THA-VPm-lh,48.761364,50.943182,36.897727,,
831,THA-VPl-lh,52.785714,52.336735,37.846939,,
832,THA-VAi-lh,47.83432,57.313609,37.659763,,
833,THA-VAs-lh,48.880531,58.420354,42.09292,,
834,THA-DAm-lh,48.848837,50.877907,41.569767,,
835,THA-DAl-lh,52.325758,53.166667,42.477273,,
836,PUT-VA-lh,55.169903,68.737864,33.349515,,
837,PUT-DA-lh,56.951691,66.21256,36.516908,,
838,PUT-VP-lh,59.367347,57.387755,35.926531,,
839,PUT-DP-lh,57.666667,61.858333,39.466667,,
840,CAU-VA-lh,49.289256,68.61157,38.429752,,
841,CAU-DA-lh,51.824242,71.581818,39.963636,,
842,CAU-body-lh,51.140187,65.738318,43.626168,,
843,CAU-tail-lh,51.904762,61.690476,45.833333,,
844,lAMY-lh,57.8,62.03125,25.25625,,
845,mAMY-lh,54.636842,60.363158,27.857895,,
846,THA-DP-lh,52.462687,47.567164,37.412935,,
847,NAc-shell-lh,49.577586,68.474138,32.594828,,
848,NAc-core-lh,51.388889,72.277778,34.544444,,
849,pGP-lh,55.533333,58.866667,35.177778,,
850,aGP-lh,52.833333,62.944444,35.12963,,
